{
  "train_loss": [
    3.7885069370269777,
    2.4484959840774536,
    2.1424732247988385,
    1.7816073457400003,
    1.4561915874481202,
    1.2272789816061656,
    1.0567284921805065,
    0.9190847396850585,
    0.8059105654557546,
    0.7163583715756734,
    0.6397158414125442,
    0.5650871674219767,
    0.5105604737997055,
    0.45137730836868284,
    0.40251764555772146,
    0.361482135951519,
    0.32949036608139676,
    0.2972337360183398,
    0.27015563696622846,
    0.24201134145259856,
    0.22131322870651882,
    0.20019722282886504,
    0.18660179873307545,
    0.170411849518617,
    0.15829422051707903,
    0.14712770308057468,
    0.13816940039396286,
    0.12951223130027453,
    0.1203151007493337,
    0.11461298167705536,
    0.10645574753483136,
    0.10414727355043094,
    0.09816794867316882,
    0.09479215356210867,
    0.09276025469104449,
    0.08874987984697023,
    0.08596014467378457,
    0.08592723160982133,
    0.08283230053881804,
    0.08107626773416995,
    0.08130996078252792,
    0.07929165350894134,
    0.07713019462923208,
    0.07546113195518653,
    0.07746908279756705,
    0.07604521202544372,
    0.07686220631003379,
    0.07532735839486122,
    0.07643457266191642,
    0.07547025308012963
  ],
  "val_loss": [
    2.5716975688934327,
    2.2713393211364745,
    1.912656831741333,
    1.5539911349614461,
    1.2733030796051026,
    1.0735570589701335,
    0.9226861715316772,
    0.8142231702804565,
    0.7072894295056661,
    0.6247896512349447,
    0.5540384372075399,
    0.4927288015683492,
    0.4372950712839762,
    0.38882973194122317,
    0.3451345324516296,
    0.30546555519104,
    0.2731220821539561,
    0.24467160701751708,
    0.22023968100547792,
    0.19773373703161876,
    0.17963363826274872,
    0.16166449189186097,
    0.14696114460627238,
    0.13397054572900136,
    0.12307471831639608,
    0.11492842137813568,
    0.10552569280068079,
    0.09825301319360732,
    0.09255255659421285,
    0.08736583789189657,
    0.08319619993368785,
    0.07843374361594518,
    0.0748084157705307,
    0.07177361349264781,
    0.06925415148337682,
    0.06687785486380259,
    0.06496893564860026,
    0.06364138424396515,
    0.06218355745077133,
    0.060996143519878386,
    0.06002917190392812,
    0.05928151706854502,
    0.05863380332787831,
    0.05805749843517939,
    0.05769778688748677,
    0.05742671241362889,
    0.05726463496685028,
    0.05711415459712346,
    0.05704783797264099,
    0.057002923389275865
  ]
}