{
  "train_loss": [
    3.063671278953552,
    2.000920315583547,
    1.5317063887914022,
    1.2518197258313497,
    1.0572050750255584,
    0.9287327468395233,
    0.8167010804017385,
    0.7199682017167409,
    0.632708008090655,
    0.5801625708738963,
    0.5176537712415059,
    0.4860242009162903,
    0.43512049665053687,
    0.39722478985786436,
    0.3692277411619822,
    0.32485041469335557,
    0.3220988700787226,
    0.29769264459609984,
    0.2697888990243276,
    0.27339164962371193,
    0.2546289473772049,
    0.23100673109292985,
    0.21668051108717917,
    0.2164411060512066,
    0.20560297667980193,
    0.20156380360325177,
    0.18263427615165712,
    0.17732249622543653,
    0.17879400923848152,
    0.1692246819535891,
    0.16181419988473256,
    0.16080998952190081,
    0.15828060135245323,
    0.15151005908846854,
    0.15413353219628334,
    0.14453136945764225,
    0.14570303335785867,
    0.144115965316693,
    0.1406773177285989,
    0.1350763536989689,
    0.1330276347696781,
    0.13407530138889948,
    0.135510166734457,
    0.1336185430486997,
    0.13655627121527988,
    0.14073970193664234,
    0.13500269626577696,
    0.13198122382164001,
    0.141339943309625,
    0.13493315974871317
  ],
  "val_loss": [
    1.9772203763326008,
    1.3262514193852744,
    0.9575847943623861,
    0.7427195111910502,
    0.5859235882759094,
    0.4908785541852315,
    0.3918086489041646,
    0.3423231641451518,
    0.28247106870015465,
    0.24825738271077474,
    0.19315838416417438,
    0.15573778649171194,
    0.1416211833556493,
    0.12135017067193984,
    0.10791908750931421,
    0.09430682162443797,
    0.08264004786809286,
    0.07682214677333832,
    0.07073126758138339,
    0.05911885028084119,
    0.053431931883096695,
    0.04870166058341662,
    0.04532796690861384,
    0.03973059306542079,
    0.03881712580720584,
    0.03482903887828191,
    0.035205997774998346,
    0.02995328282316526,
    0.03149336117009322,
    0.031045444185535113,
    0.029238678390781085,
    0.024959754819671314,
    0.024646595244606335,
    0.02516584408779939,
    0.02417150934537252,
    0.02539163865149021,
    0.02145256275931994,
    0.022827996810277303,
    0.020775306783616544,
    0.020978789404034616,
    0.021293807278076806,
    0.019669515267014503,
    0.020359583819905918,
    0.019761565265556176,
    0.019286956762274106,
    0.019622806273400784,
    0.01977805942296982,
    0.019648223432401815,
    0.01966674073288838,
    0.019750912797947724
  ]
}