{
  "train_loss": [
    1.7319883010604165,
    0.43896445984190163,
    0.13713012326847424,
    0.048510320484638214,
    0.025666541667147116,
    0.016680103863843464,
    0.013004471332004124,
    0.010719437524676323,
    0.009198155994103714,
    0.008701720078137111,
    0.0076431992937895385,
    0.007378617329099639,
    0.006827940751840783,
    0.0066535405372269455,
    0.006510467976120047,
    0.006199391353663734,
    0.006114433079280637,
    0.005828710176812654,
    0.005666026935637505,
    0.005544744595112702,
    0.012411757914550518,
    0.006031268740877171,
    0.005685448146171191,
    0.005671169028501026,
    0.00539650557642083,
    0.0053896002812226385,
    0.005242442880619571,
    0.005334875744566406,
    0.0052536499117426996,
    0.0051365762026133865,
    0.005085249700734328,
    0.005206662273267284,
    0.005033341972580687,
    0.00516006709105568,
    0.0050545265962666066,
    0.005096733887542293,
    0.004824594425616934,
    0.004941924392458697,
    0.004943644726954517,
    0.004882111213512623,
    0.005062405303053145,
    0.004858317141727391,
    0.004955565879761046,
    0.00495347904196189,
    0.0049356228043292176,
    0.004931732886315414,
    0.004829604241356058,
    0.004841648570836696,
    0.004823642690435835,
    0.004895171419181927,
    0.004858790221736523,
    0.004936729865641444,
    0.0048970709777462285,
    0.004861220475372234,
    0.004885481866793436,
    0.004826229828353958,
    0.00481522076400159,
    0.009003198768176514,
    0.0048422958135581045,
    0.004825772710811924,
    0.0048991196865046565,
    0.00481957315983891,
    0.0048214555972067915,
    0.004856893711199849,
    0.00481941960040124,
    0.0048479013101
  ],
  "val_loss": [
    0.7035459115288475,
    0.19726919916543093,
    0.054198234568942676,
    0.021958400132981212,
    0.012841381159695712,
    0.009391932307996533,
    0.007844705764542926,
    0.006725774277001619,
    0.006145542509515177,
    0.005784847323190082,
    0.005519126215949655,
    0.005294541717422279,
    0.005220382738519798,
    0.005060446716591039,
    0.004938650721345436,
    0.005030243067832833,
    0.004939396767877042,
    0.004797077833420851,
    0.0050713947779414325,
    0.004712416302539747,
    0.005842748227613893,
    0.004882564059966667,
    0.0047411334474401715,
    0.004709977968701754,
    0.004667714977139523,
    0.004650930825102312,
    0.0046390653878916055,
    0.004635189536810768,
    0.004640837318941274,
    0.004732677420622415,
    0.005367534455224152,
    0.004859276844336736,
    0.004645073194723491,
    0.004567131321422163,
    0.004605443582510237,
    0.004571994399606906,
    0.004566648915933911,
    0.00458781810389403,
    0.004564857128339513,
    0.004877405329865393,
    0.004562929274384673,
    0.00455781110302434,
    0.004572444935610375,
    0.004654029094731827,
    0.004659945570651458,
    0.004561257731200551,
    0.004604634223464514,
    0.004613002222469566,
    0.004624508077071037,
    0.0045595253864022115,
    0.004557608493819729,
    0.004551730983164155,
    0.004608477027150002,
    0.004550535260209058,
    0.004614949087552056,
    0.004545426322835159,
    0.00455616508049099,
    0.004561626982348654,
    0.004551024407205246,
    0.004687635226566106,
    0.004548679842552123,
    0.004548332901515757,
    0.004573284189135104,
    0.004550391856955684,
    0.004553273745276039,
    0.004560886916147369
  ]
}