{
  "train_loss": [
    1.322305827032436,
    0.40027292739261283,
    0.1937668560580774,
    0.112178216942332,
    0.07785108989612623,
    0.05678762083026496,
    0.04688131021843715,
    0.03682493053884669,
    0.033424635129896074,
    0.028777641714973882,
    0.025302331796423955,
    0.023492606604810465,
    0.021987256885252215,
    0.021792162528092213,
    0.019429650554772127,
    0.01954892885744233,
    0.017324247391979124,
    0.018340112404389815,
    0.016563484072685243,
    0.016550878093323923,
    0.01594588384455578,
    0.016400950565002858,
    0.013732255899389697,
    0.013862335179424421,
    0.014545324802483347,
    0.013382644659458575,
    0.013556146234358576,
    0.012907277521550317,
    0.01133523248263042,
    0.013402751511894167,
    0.011875629525271837,
    0.012718544147951021,
    0.011531802820655601,
    0.012227463018657132,
    0.011393517509039322,
    0.011611697132148865,
    0.011859064820349555,
    0.01071595106522595,
    0.01106830866467631,
    0.0103347265685972,
    0.011716536838159134
  ],
  "val_loss": [
    0.27938478155569596,
    0.059005761769684875,
    0.015839479538527403,
    0.009295953506265175,
    0.006123447163580832,
    0.005278332428371703,
    0.0056356696122516455,
    0.0066640022237764,
    0.00706731189992173,
    0.004712556846709711,
    0.007792477374711201,
    0.006551536548828484,
    0.004855879395446126,
    0.005914964313818597,
    0.006889752653190623,
    0.005837220969913853,
    0.005530172491069772,
    0.0052895535350001984,
    0.005425417268905387,
    0.0046312746896216015,
    0.005239873658794584,
    0.005090345149224462,
    0.005193850331037207,
    0.004684911138953215,
    0.004717661858248903,
    0.005033199416624773,
    0.004623975673391876,
    0.004685477305702492,
    0.004663880466077899,
    0.005624570719211409,
    0.0045792482387779195,
    0.004904934849869278,
    0.00466636423835098,
    0.004644805980668604,
    0.005132027789089244,
    0.004682506534269454,
    0.005630799386166555,
    0.005065841752821143,
    0.0047578610045159375,
    0.004845379410191774,
    0.004773939190750256
  ]
}